{
  "GCN": {
    "accuracy": 0.631578947368421,
    "f1_macro": 0.6165051007460792,
    "f1_weighted": 0.6366623303424271,
    "f1_per_class": {
      "Home Win": 0.6885245901639344,
      "Draw": 0.5294117647058824,
      "Away Win": 0.631578947368421
    },
    "confusion_matrix": [
      [
        21,
        8,
        3
      ],
      [
        6,
        9,
        0
      ],
      [
        2,
        2,
        6
      ]
    ],
    "predictions": [
      1,
      2,
      1,
      0,
      1,
      0,
      1,
      2,
      0,
      1,
      1,
      0,
      2,
      0,
      0,
      0,
      1,
      2,
      2,
      0,
      0,
      1,
      2,
      1,
      0,
      1,
      0,
      1,
      0,
      2,
      1,
      2,
      0,
      1,
      1,
      0,
      0,
      1,
      0,
      1,
      0,
      1,
      0,
      0,
      0,
      0,
      2,
      0,
      0,
      0,
      1,
      0,
      0,
      0,
      0,
      0,
      1
    ],
    "labels": [
      0,
      0,
      2,
      0,
      0,
      0,
      2,
      0,
      0,
      1,
      0,
      1,
      2,
      0,
      1,
      2,
      1,
      0,
      2,
      0,
      1,
      0,
      2,
      1,
      0,
      0,
      0,
      0,
      0,
      2,
      1,
      2,
      0,
      1,
      0,
      0,
      0,
      1,
      0,
      0,
      0,
      1,
      1,
      1,
      0,
      1,
      2,
      0,
      0,
      0,
      1,
      0,
      0,
      0,
      2,
      0,
      1
    ]
  },
  "GAT": {
    "accuracy": 0.6842105263157895,
    "f1_macro": 0.6129727198220348,
    "f1_weighted": 0.6659333616795766,
    "f1_per_class": {
      "Home Win": 0.7671232876712328,
      "Draw": 0.5384615384615384,
      "Away Win": 0.5333333333333333
    },
    "confusion_matrix": [
      [
        28,
        3,
        1
      ],
      [
        8,
        7,
        0
      ],
      [
        5,
        1,
        4
      ]
    ],
    "predictions": [
      1,
      0,
      0,
      0,
      0,
      0,
      1,
      0,
      0,
      1,
      0,
      0,
      0,
      0,
      0,
      0,
      1,
      2,
      2,
      0,
      0,
      0,
      2,
      0,
      0,
      0,
      0,
      1,
      0,
      0,
      1,
      2,
      0,
      1,
      0,
      0,
      0,
      1,
      0,
      1,
      0,
      1,
      0,
      1,
      0,
      0,
      2,
      0,
      0,
      0,
      0,
      0,
      0,
      0,
      0,
      0,
      0
    ],
    "labels": [
      0,
      0,
      2,
      0,
      0,
      0,
      2,
      0,
      0,
      1,
      0,
      1,
      2,
      0,
      1,
      2,
      1,
      0,
      2,
      0,
      1,
      0,
      2,
      1,
      0,
      0,
      0,
      0,
      0,
      2,
      1,
      2,
      0,
      1,
      0,
      0,
      0,
      1,
      0,
      0,
      0,
      1,
      1,
      1,
      0,
      1,
      2,
      0,
      0,
      0,
      1,
      0,
      0,
      0,
      2,
      0,
      1
    ]
  },
  "LR": {
    "accuracy": 0.6666666666666666,
    "f1_macro": 0.5828877005347594,
    "f1_weighted": 0.6531569565625293,
    "f1_per_class": {
      "Home Win": 0.7941176470588235,
      "Draw": 0.45454545454545453,
      "Away Win": 0.5
    },
    "confusion_matrix": [
      [
        27,
        2,
        3
      ],
      [
        5,
        5,
        5
      ],
      [
        4,
        0,
        6
      ]
    ],
    "predictions": [
      0,
      0,
      2,
      0,
      0,
      0,
      0,
      1,
      0,
      0,
      1,
      0,
      2,
      0,
      0,
      2,
      1,
      0,
      0,
      0,
      2,
      0,
      0,
      1,
      0,
      0,
      0,
      2,
      0,
      2,
      1,
      2,
      2,
      2,
      0,
      0,
      0,
      1,
      0,
      0,
      0,
      0,
      1,
      2,
      0,
      0,
      2,
      0,
      0,
      0,
      2,
      0,
      2,
      0,
      0,
      0,
      2
    ],
    "labels": [
      0,
      0,
      2,
      0,
      0,
      0,
      2,
      0,
      0,
      1,
      0,
      1,
      2,
      0,
      1,
      2,
      1,
      0,
      2,
      0,
      1,
      0,
      2,
      1,
      0,
      0,
      0,
      0,
      0,
      2,
      1,
      2,
      0,
      1,
      0,
      0,
      0,
      1,
      0,
      0,
      0,
      1,
      1,
      1,
      0,
      1,
      2,
      0,
      0,
      0,
      1,
      0,
      0,
      0,
      2,
      0,
      1
    ]
  },
  "MLP": {
    "accuracy": 0.47368421052631576,
    "f1_macro": 0.3849206349206349,
    "f1_weighted": 0.4444444444444445,
    "f1_per_class": {
      "Home Win": 0.5833333333333334,
      "Draw": 0.19047619047619047,
      "Away Win": 0.38095238095238093
    },
    "confusion_matrix": [
      [
        21,
        4,
        7
      ],
      [
        13,
        2,
        0
      ],
      [
        6,
        0,
        4
      ]
    ],
    "predictions": [
      0,
      2,
      0,
      0,
      2,
      0,
      0,
      2,
      0,
      0,
      0,
      0,
      0,
      0,
      0,
      0,
      0,
      2,
      2,
      2,
      0,
      0,
      0,
      1,
      0,
      0,
      0,
      1,
      1,
      2,
      1,
      2,
      0,
      0,
      0,
      0,
      0,
      0,
      0,
      0,
      1,
      0,
      0,
      0,
      0,
      0,
      2,
      0,
      0,
      0,
      0,
      0,
      2,
      1,
      0,
      2,
      0
    ],
    "labels": [
      0,
      0,
      2,
      0,
      0,
      0,
      2,
      0,
      0,
      1,
      0,
      1,
      2,
      0,
      1,
      2,
      1,
      0,
      2,
      0,
      1,
      0,
      2,
      1,
      0,
      0,
      0,
      0,
      0,
      2,
      1,
      2,
      0,
      1,
      0,
      0,
      0,
      1,
      0,
      0,
      0,
      1,
      1,
      1,
      0,
      1,
      2,
      0,
      0,
      0,
      1,
      0,
      0,
      0,
      2,
      0,
      1
    ]
  }
}