{
  "train_loss": [
    1.112310905205576,
    1.1014723015907115,
    1.09519272370446,
    1.097672769001552,
    1.0978764080463495,
    1.0878644957578272,
    1.0932718927698923,
    1.0936978903031886,
    1.0956642591863646,
    1.0964164626329465,
    1.0942252220067763,
    1.0874498329664533,
    1.0854357489965911,
    1.0807016406740462,
    1.0872371716606886,
    1.0716402485854644,
    1.0747833314694857,
    1.0627408368246896,
    1.0643268115538405,
    1.0652572212362648,
    1.0718298827795159,
    1.0598176968725104,
    1.060095611371492,
    1.0628113262635424,
    1.0493183234580477,
    1.0612003023463084,
    1.0430964607941478,
    1.0594031120601453,
    1.0535519132040496,
    1.048129583659925,
    1.056353637598511,
    1.0575807220057438,
    1.060837786000474,
    1.0529778380143016,
    1.047021568269658,
    1.0461560353300625,
    1.0341612772834032,
    1.0421210410899686,
    1.0494782171751325,
    1.033866850953353,
    1.030250390669457
  ],
  "train_acc": [
    0.23684210526315788,
    0.3157894736842105,
    0.3609022556390977,
    0.39473684210526316,
    0.34962406015037595,
    0.36466165413533835,
    0.35714285714285715,
    0.34962406015037595,
    0.3609022556390977,
    0.37969924812030076,
    0.40601503759398494,
    0.38345864661654133,
    0.3684210526315789,
    0.3684210526315789,
    0.35714285714285715,
    0.37593984962406013,
    0.37593984962406013,
    0.38721804511278196,
    0.4398496240601504,
    0.40601503759398494,
    0.3684210526315789,
    0.4398496240601504,
    0.39097744360902253,
    0.40225563909774437,
    0.43609022556390975,
    0.4699248120300752,
    0.45112781954887216,
    0.40225563909774437,
    0.40225563909774437,
    0.42105263157894735,
    0.4699248120300752,
    0.40977443609022557,
    0.41353383458646614,
    0.40977443609022557,
    0.4323308270676692,
    0.4548872180451128,
    0.45864661654135336,
    0.4924812030075188,
    0.42857142857142855,
    0.4473684210526316,
    0.47368421052631576
  ],
  "val_loss": [
    1.1079714340076112,
    1.10289792638076,
    1.0964750469776623,
    1.0946873300953914,
    1.0943203223379034,
    1.087590495745341,
    1.0869682985439635,
    1.0888412207887883,
    1.0873389181337858,
    1.0860480572047986,
    1.0829945593549495,
    1.0821610187229358,
    1.086207019655328,
    1.0801009086140416,
    1.0826731271911085,
    1.0810961786069369,
    1.0818558868608976,
    1.0811221118558918,
    1.0815325661709434,
    1.0812713242413705,
    1.083972548183642,
    1.0807565827118724,
    1.0771029371964305,
    1.0791809537954498,
    1.0750023733105576,
    1.0736986649663824,
    1.0750291054708916,
    1.0799677581117864,
    1.0821254964460407,
    1.0825662592001128,
    1.0800894519738984,
    1.0797104312662493,
    1.079838422306797,
    1.079610640542549,
    1.0761708355786508,
    1.0801042360171937,
    1.0792540667349833,
    1.07895304863913,
    1.0776670460115398,
    1.0801892008697778,
    1.0802901983261108
  ],
  "val_acc": [
    0.17543859649122806,
    0.17543859649122806,
    0.3508771929824561,
    0.47368421052631576,
    0.3684210526315789,
    0.5789473684210527,
    0.5263157894736842,
    0.45614035087719296,
    0.49122807017543857,
    0.49122807017543857,
    0.40350877192982454,
    0.2982456140350877,
    0.3333333333333333,
    0.3157894736842105,
    0.2982456140350877,
    0.2982456140350877,
    0.2982456140350877,
    0.2982456140350877,
    0.2982456140350877,
    0.3157894736842105,
    0.2807017543859649,
    0.3157894736842105,
    0.3157894736842105,
    0.3157894736842105,
    0.2982456140350877,
    0.2982456140350877,
    0.2807017543859649,
    0.3157894736842105,
    0.3157894736842105,
    0.3333333333333333,
    0.3333333333333333,
    0.3157894736842105,
    0.3157894736842105,
    0.3333333333333333,
    0.2982456140350877,
    0.3157894736842105,
    0.3508771929824561,
    0.3157894736842105,
    0.3333333333333333,
    0.3157894736842105,
    0.3333333333333333
  ],
  "best_val_loss": 1.0736986649663824,
  "epochs_trained": 41
}