{
  "train_loss": [
    1.1002939105930185,
    1.0916152242431068,
    1.086732063974653,
    1.085823786886115,
    1.0903386003092717,
    1.0892538970574401,
    1.07537585541718,
    1.0664423300807637,
    1.0571483113711937,
    1.0541385690072425,
    1.0741923550017793,
    1.0412753811456208,
    1.035684132934513,
    1.0481086731853342,
    1.0402821768495374,
    1.0291136341883724,
    1.012488389821877,
    1.0097746768392117,
    0.9807187475656208,
    1.0444022963817854,
    1.0376740075591813,
    0.9807237122291909,
    1.0026656676055794,
    1.009582793802247,
    1.0111901374687826,
    1.0415737888866798,
    0.9735853138722872,
    1.0126180353021264,
    0.9893982791362849,
    0.981759854725429,
    0.964737329716073,
    0.9740938683201495,
    0.947443563687174,
    0.9894784563466122,
    0.9736263644426388,
    1.0024300589597315,
    0.9675069254143793,
    0.9391383645229769,
    0.9779924087058333,
    0.934638177990017,
    0.9523087040822309,
    0.9062670657509252,
    0.9649755703775507,
    0.9558507835954652,
    0.9179525312624479,
    0.9275894666972914,
    0.9241819991204971
  ],
  "train_acc": [
    0.29699248120300753,
    0.3609022556390977,
    0.41729323308270677,
    0.41729323308270677,
    0.4323308270676692,
    0.38721804511278196,
    0.39849624060150374,
    0.41729323308270677,
    0.41729323308270677,
    0.424812030075188,
    0.40225563909774437,
    0.44360902255639095,
    0.4473684210526316,
    0.44360902255639095,
    0.46616541353383456,
    0.4699248120300752,
    0.46616541353383456,
    0.5150375939849624,
    0.5,
    0.49624060150375937,
    0.45864661654135336,
    0.5150375939849624,
    0.5150375939849624,
    0.4849624060150376,
    0.4699248120300752,
    0.4548872180451128,
    0.5300751879699248,
    0.5375939849624061,
    0.5338345864661654,
    0.49624060150375937,
    0.5263157894736842,
    0.5112781954887218,
    0.5639097744360902,
    0.518796992481203,
    0.5375939849624061,
    0.48872180451127817,
    0.5413533834586466,
    0.5601503759398496,
    0.5526315789473685,
    0.5977443609022557,
    0.5601503759398496,
    0.6015037593984962,
    0.5150375939849624,
    0.5451127819548872,
    0.5789473684210527,
    0.5714285714285714,
    0.5864661654135338
  ],
  "val_loss": [
    1.0898183061365496,
    1.0861702111729405,
    1.0843570085993983,
    1.0790475732401799,
    1.0787234055368524,
    1.0785166276128668,
    1.0733913413265295,
    1.065836973357619,
    1.0629129242478756,
    1.0593548364806593,
    1.052810365693611,
    1.046316671789738,
    1.0392777271438063,
    1.0349163005226536,
    1.0351472653840716,
    1.0300657100844801,
    1.0261538300597877,
    1.02440177139483,
    1.0251663797780086,
    1.0142736121227867,
    1.0082079234876131,
    0.9996200214352524,
    0.9942733823207387,
    1.0059020749309606,
    1.0105726196054827,
    1.0094276499329953,
    1.008724428059762,
    1.0011422550469113,
    0.9989976569225913,
    0.9977697824176989,
    0.9902777169880114,
    0.9827460489775005,
    0.9870290473887795,
    1.0025547575532345,
    0.9925812629231235,
    1.0179010796965213,
    1.0078857112349124,
    0.9880124320063675,
    0.9916452232160067,
    0.9906413063668368,
    0.9875081903056094,
    0.9931819480762147,
    1.0004632640303226,
    1.0095006321605884,
    1.0107030011059945,
    1.0266467866144682,
    1.016063786389535
  ],
  "val_acc": [
    0.2631578947368421,
    0.3157894736842105,
    0.3684210526315789,
    0.5263157894736842,
    0.42105263157894735,
    0.3684210526315789,
    0.3684210526315789,
    0.3684210526315789,
    0.3508771929824561,
    0.3508771929824561,
    0.3684210526315789,
    0.3684210526315789,
    0.38596491228070173,
    0.38596491228070173,
    0.3508771929824561,
    0.3508771929824561,
    0.3684210526315789,
    0.3508771929824561,
    0.3508771929824561,
    0.38596491228070173,
    0.38596491228070173,
    0.45614035087719296,
    0.543859649122807,
    0.47368421052631576,
    0.45614035087719296,
    0.43859649122807015,
    0.49122807017543857,
    0.5087719298245614,
    0.47368421052631576,
    0.45614035087719296,
    0.5263157894736842,
    0.543859649122807,
    0.5614035087719298,
    0.5789473684210527,
    0.5087719298245614,
    0.5087719298245614,
    0.543859649122807,
    0.5614035087719298,
    0.5614035087719298,
    0.543859649122807,
    0.5789473684210527,
    0.543859649122807,
    0.543859649122807,
    0.5789473684210527,
    0.5614035087719298,
    0.5964912280701754,
    0.5614035087719298
  ],
  "best_val_loss": 0.9827460489775005,
  "epochs_trained": 47
}