{
  "train_loss": [
    1.095878585836941,
    1.0908602332710324,
    1.0900986508319253,
    1.0907275461612786,
    1.087773271073076,
    1.0916394291067482,
    1.079884374052062,
    1.084428218074311,
    1.0716904536225742,
    1.0626146990553778,
    1.0583737205741997,
    1.0724381333903263,
    1.0552127979751815,
    1.0739709811103075,
    1.0566788867003936,
    1.0481724600146587,
    1.0571388019654984,
    1.0477355628981626,
    1.041831393887226,
    1.0458531702371467,
    1.0426779779276454,
    1.0429320317461974,
    1.0344848901705634,
    1.0134127641979016,
    1.027265841799571,
    1.04702945938684,
    1.0146811940616234,
    1.0158099635203082,
    1.0276555647527366,
    1.0200924680645305,
    1.0509519209539084,
    0.9947205459264884,
    1.0468217224106753,
    1.0327395173840057,
    1.0078701551695515,
    1.0343426699028875,
    1.0099038835754968,
    1.016158448126083,
    1.0161029091454987,
    0.9893276431506738,
    1.0350754574725503,
    1.0218365680902524,
    0.9997036098537588,
    1.0050711690035081,
    0.9825986310055381,
    0.977206688178213
  ],
  "train_acc": [
    0.34210526315789475,
    0.39849624060150374,
    0.41729323308270677,
    0.39849624060150374,
    0.3684210526315789,
    0.38345864661654133,
    0.44360902255639095,
    0.39473684210526316,
    0.4398496240601504,
    0.4774436090225564,
    0.4473684210526316,
    0.41729323308270677,
    0.4473684210526316,
    0.43609022556390975,
    0.44360902255639095,
    0.462406015037594,
    0.45864661654135336,
    0.4699248120300752,
    0.45864661654135336,
    0.41353383458646614,
    0.40977443609022557,
    0.45864661654135336,
    0.4699248120300752,
    0.5037593984962406,
    0.4398496240601504,
    0.44360902255639095,
    0.48872180451127817,
    0.4849624060150376,
    0.45864661654135336,
    0.46616541353383456,
    0.45112781954887216,
    0.5150375939849624,
    0.462406015037594,
    0.45112781954887216,
    0.46616541353383456,
    0.462406015037594,
    0.48872180451127817,
    0.5075187969924813,
    0.462406015037594,
    0.4924812030075188,
    0.44360902255639095,
    0.47368421052631576,
    0.5075187969924813,
    0.4473684210526316,
    0.5112781954887218,
    0.5488721804511278
  ],
  "val_loss": [
    1.1257295420295315,
    1.1292194232606052,
    1.1144353046751858,
    1.106612906121371,
    1.1078746046936303,
    1.0953355421099746,
    1.095799025736357,
    1.0923503679141664,
    1.0897685854058516,
    1.0886366262770535,
    1.0967648050241303,
    1.0931058536496079,
    1.0812623919102184,
    1.0863135467495835,
    1.0772367443954736,
    1.0748041638156824,
    1.0842325708322358,
    1.0896185552864743,
    1.092814796849301,
    1.1033099638788324,
    1.1118984598862498,
    1.0961453580019767,
    1.0910715973168088,
    1.0762741482048703,
    1.0810057322184246,
    1.0911392433601512,
    1.0985880190866035,
    1.088829331230699,
    1.101871266699674,
    1.0880172336310672,
    1.0746332657964606,
    1.097340508511192,
    1.1065836852056938,
    1.0934434146211858,
    1.0929953633693226,
    1.084571832104733,
    1.1022990565550954,
    1.096787128532142,
    1.09679381052653,
    1.110545555750529,
    1.091640972254569,
    1.0902341562404967,
    1.0954933438384742,
    1.098458639362402,
    1.1105200345056099,
    1.0889143588250143
  ],
  "val_acc": [
    0.17543859649122806,
    0.17543859649122806,
    0.17543859649122806,
    0.15789473684210525,
    0.17543859649122806,
    0.2982456140350877,
    0.3157894736842105,
    0.3333333333333333,
    0.3157894736842105,
    0.3157894736842105,
    0.3157894736842105,
    0.3157894736842105,
    0.2982456140350877,
    0.3157894736842105,
    0.2982456140350877,
    0.2807017543859649,
    0.2631578947368421,
    0.2807017543859649,
    0.2807017543859649,
    0.2807017543859649,
    0.2807017543859649,
    0.24561403508771928,
    0.2631578947368421,
    0.3157894736842105,
    0.2807017543859649,
    0.3333333333333333,
    0.3333333333333333,
    0.3333333333333333,
    0.3333333333333333,
    0.3157894736842105,
    0.3157894736842105,
    0.3157894736842105,
    0.3508771929824561,
    0.3333333333333333,
    0.3157894736842105,
    0.3157894736842105,
    0.3333333333333333,
    0.3157894736842105,
    0.3157894736842105,
    0.3157894736842105,
    0.3333333333333333,
    0.3684210526315789,
    0.3333333333333333,
    0.3157894736842105,
    0.3157894736842105,
    0.3684210526315789
  ],
  "best_val_loss": 1.0746332657964606,
  "epochs_trained": 46
}