{
  "train_loss": [
    1.1076502181533585,
    1.1000315954810695,
    1.0893746533788236,
    1.0901773782601034,
    1.0875633560625233,
    1.0831189908479388,
    1.0839266203399887,
    1.06828568842178,
    1.064092169130655,
    1.052544521209889,
    1.0380677235753912,
    1.0327990180567692,
    1.0309474369637053,
    1.0266042266573225,
    1.0024128811700004,
    1.030773607411779,
    0.9993787354096434,
    0.9795515340073664,
    0.985637537070683,
    0.9794460302008722,
    0.996829885289185,
    1.0013954666324127,
    0.976235178180207,
    0.9981703372826254,
    0.9603412169262879,
    0.9420528017488637,
    0.9401561550627974,
    0.9511280014998931,
    0.9458624254491993,
    0.9335328703536127,
    0.96744421998361,
    0.9395082086548769,
    0.8932710711221049,
    0.8789254534513431,
    0.9199201361577314,
    0.9239982169373591
  ],
  "train_acc": [
    0.40225563909774437,
    0.31954887218045114,
    0.40225563909774437,
    0.38345864661654133,
    0.39849624060150374,
    0.42857142857142855,
    0.39473684210526316,
    0.41729323308270677,
    0.41729323308270677,
    0.4398496240601504,
    0.45864661654135336,
    0.46616541353383456,
    0.5037593984962406,
    0.5,
    0.5150375939849624,
    0.46616541353383456,
    0.5075187969924813,
    0.5037593984962406,
    0.5150375939849624,
    0.5300751879699248,
    0.5112781954887218,
    0.49624060150375937,
    0.5263157894736842,
    0.518796992481203,
    0.5338345864661654,
    0.5714285714285714,
    0.5601503759398496,
    0.5526315789473685,
    0.5451127819548872,
    0.5338345864661654,
    0.518796992481203,
    0.5639097744360902,
    0.5639097744360902,
    0.6015037593984962,
    0.575187969924812,
    0.575187969924812
  ],
  "val_loss": [
    1.0896105138879073,
    1.0921972509016071,
    1.0857896177392257,
    1.0869715569312113,
    1.080807978646797,
    1.08377640707451,
    1.0731832437347948,
    1.0661413314049704,
    1.0555109705841332,
    1.055509466873972,
    1.0415877208375095,
    1.0381594896316528,
    1.0291298983389872,
    1.0259262135154323,
    1.0116577859510456,
    1.011653000848335,
    1.0125749947731955,
    1.0185828815426743,
    1.0044178899965788,
    0.9960393424619708,
    0.9924408071919492,
    1.0061513687434949,
    1.0072290520918996,
    1.009757161140442,
    1.0044544579689962,
    1.003414934141594,
    0.9969241953732675,
    1.0022373889621936,
    1.0105098841483133,
    1.0007048447926838,
    0.9993057773824323,
    1.0081658677050942,
    0.9985950285928291,
    0.9981665778578374,
    0.9992706357387074,
    1.0067688101216365
  ],
  "val_acc": [
    0.5614035087719298,
    0.47368421052631576,
    0.5614035087719298,
    0.49122807017543857,
    0.5087719298245614,
    0.47368421052631576,
    0.3508771929824561,
    0.3333333333333333,
    0.3684210526315789,
    0.3684210526315789,
    0.38596491228070173,
    0.43859649122807015,
    0.5087719298245614,
    0.49122807017543857,
    0.47368421052631576,
    0.45614035087719296,
    0.45614035087719296,
    0.45614035087719296,
    0.49122807017543857,
    0.543859649122807,
    0.5614035087719298,
    0.5087719298245614,
    0.543859649122807,
    0.543859649122807,
    0.49122807017543857,
    0.543859649122807,
    0.5614035087719298,
    0.5087719298245614,
    0.543859649122807,
    0.543859649122807,
    0.5614035087719298,
    0.5614035087719298,
    0.5614035087719298,
    0.5263157894736842,
    0.5087719298245614,
    0.543859649122807
  ],
  "best_val_loss": 0.9924408071919492,
  "epochs_trained": 36
}