{
  "gcn_full": {
    "accuracy": 0.6666666666666666,
    "f1_macro": 0.6348039215686274,
    "f1_weighted": 0.6700206398348812,
    "f1_per_class": {
      "Home Win": 0.75,
      "Draw": 0.5294117647058824,
      "Away Win": 0.625
    }
  },
  "gat_full": {
    "accuracy": 0.5263157894736842,
    "f1_macro": 0.46516572858036276,
    "f1_weighted": 0.5191929166255225,
    "f1_per_class": {
      "Home Win": 0.6,
      "Draw": 0.4878048780487805,
      "Away Win": 0.3076923076923077
    }
  },
  "gcn_half": {
    "accuracy": 0.5263157894736842,
    "f1_macro": 0.5261081654294805,
    "f1_weighted": 0.5246696805640826,
    "f1_per_class": {
      "Home Win": 0.52,
      "Draw": 0.5365853658536586,
      "Away Win": 0.5217391304347826
    }
  },
  "gat_half": {
    "accuracy": 0.49122807017543857,
    "f1_macro": 0.49817608202701374,
    "f1_weighted": 0.48143651053098585,
    "f1_per_class": {
      "Home Win": 0.4489795918367347,
      "Draw": 0.5238095238095238,
      "Away Win": 0.5217391304347826
    }
  }
}